{"cameraMode":{"drawMode":0,"name":"Shaded","section":"Shading Mode"},"sceneLighting":true,"audioPlay":false,"sceneViewState":{"showFog":true,"showMaterialUpdate":false,"showSkybox":true,"showFlares":true,"showImageEffects":true,"showParticleSystems":true},"in2DMode":false,"pivot":{"x":235.03399658203126,"y":20.91699981689453,"z":389.4050598144531},"rotation":{"x":-0.05562495440244675,"y":-0.2381877303123474,"z":0.013665597885847092,"w":-0.9695286154747009},"size":884.9835815429688,"orthographic":false}